draw_no,draw_date,winner_1st,prize_1st,winner_2nd,prize_2nd,winner_3rd,prize_3rd,winner_4th,prize_4th,winner_5th,prize_5th,num_1,num_2,num_3,num_4,num_5,num_6,bonus_num
1158,2025-02-08,21,1394358197,86,56747136,"3,032",1609583,"155,209",50000,"2,610,120",5000,21,25,27,32,37,38,20
1157,2025-02-01,12,2257842157,141,32026130,"4,549",992677,"201,847",50000,"3,100,779",5000,5,7,12,20,25,26,28
1156,2025-01-25,21,1505207090,73,72167464,"3,494",1507792,"162,883",50000,"2,706,409",5000,30,31,34,39,41,45,7
1155,2025-01-18,7,4066375179,78,60821851,"3,171",1496091,"160,366",50000,"2,654,046",5000,10,16,19,27,37,38,13
1154,2025-01-11,15,1854965425,62,74796993,"3,190",1453735,"154,785",50000,"2,559,114",5000,4,8,22,26,32,38,27
1153,2025-01-04,15,2027312925,79,64155473,"3,506",1445603,"167,692",50000,"2,848,165",5000,1,9,10,13,35,44,5
1152,2024-12-28,35,874349668,79,64561685,"3,354",1520684,"146,890",50000,"2,440,804",5000,30,31,32,35,36,37,5
1151,2024-12-21,17,1620503030,102,45013974,"3,351",1370166,"163,055",50000,"2,635,014",5000,2,3,9,15,27,29,8
1150,2024-12-14,17,1570620309,226,19690668,"3,413",1303865,"166,846",50000,"2,626,598",5000,8,9,18,35,39,45,25
1149,2024-12-07,17,1613380765,74,61773588,"2,924",1563354,"145,209",50000,"2,448,589",5000,8,15,19,21,32,36,38
1148,2024-11-30,13,2073332308,97,46311547,"3,082",1457567,"154,963",50000,"2,581,682",5000,3,6,13,15,16,22,32
1147,2024-11-23,8,3323422079,83,53388307,"3,588",1235014,"173,036",50000,"2,750,379",5000,7,11,24,26,27,37,32
1146,2024-11-16,11,2526476353,72,64331574,"3,030",1528672,"158,146",50000,"2,677,017",5000,6,11,17,19,40,43,28
1145,2024-11-09,9,3051630084,63,72657860,"3,312",1382079,"164,055",50000,"2,647,054",5000,2,11,31,33,37,44,32
1144,2024-11-02,18,1489347375,94,47532364,"3,626",1232224,"172,239",50000,"2,766,594",5000,3,4,12,15,26,34,6
1143,2024-10-26,11,2545657023,90,51855977,"3,154",1479721,"156,400",50000,"2,612,029",5000,10,16,17,27,28,36,6
1142,2024-10-19,9,3117517709,67,69795173,"2,841",1645997,"146,936",50000,"2,474,033",5000,2,8,28,30,37,41,22
1141,2024-10-12,11,2457758285,100,45058902,"3,371",1336663,"165,233",50000,"2,718,563",5000,7,11,12,21,26,35,20
1140,2024-10-05,12,2279823938,83,54935517,"3,345",1363124,"158,343",50000,"2,644,989",5000,7,10,22,29,31,38,15
1139,2024-09-28,13,2167490972,75,62616406,"3,240",1449454,"163,236",50000,"2,645,260",5000,5,12,15,30,37,40,18
1138,2024-09-21,14,1902656786,50,88790650,"2,865",1549576,"145,690",50000,"2,404,999",5000,14,16,19,20,29,34,35
1137,2024-09-14,14,2023447688,111,42534937,"3,323",1420818,"163,296",50000,"2,737,836",5000,4,9,12,15,33,45,26
1136,2024-09-07,12,2314468157,75,61719151,"2,906",1592890,"144,451",50000,"2,452,383",5000,21,33,35,38,42,44,1
1135,2024-08-31,9,2953726125,91,48687794,"3,417",1296632,"163,808",50000,"2,654,691",5000,1,6,13,19,21,33,4
1134,2024-08-24,14,1755689384,97,42233078,"3,961",1034236,"180,353",50000,"2,807,905",5000,3,7,9,13,19,24,23
1133,2024-08-17,13,2105079491,73,62479529,"2,737",1666426,"143,047",50000,"2,393,005",5000,13,14,20,28,29,34,23
1132,2024-08-10,11,2404951807,73,60398334,"3,086",1428736,"148,359",50000,"2,463,697",5000,6,7,19,28,34,41,5
1131,2024-08-03,17,1542367898,56,78036471,"2,861",1527453,"144,842",50000,"2,471,592",5000,1,2,6,14,27,38,33
1130,2024-07-27,12,2263301219,69,65602934,"2,900",1560898,"137,397",50000,"2,334,975",5000,15,19,21,25,27,28,40
1129,2024-07-20,11,2369567660,107,40600069,"3,142",1382625,"154,322",50000,"2,542,398",5000,5,10,11,17,28,34,22
1128,2024-07-13,63,419925560,77,57262577,"2,987",1476137,"153,592",50000,"2,545,750",5000,1,5,8,16,28,33,45
1127,2024-07-06,12,2267891969,84,53997428,"3,007",1508409,"145,646",50000,"2,443,423",5000,10,15,24,30,31,37,32
1126,2024-06-29,11,2386382421,91,48077302,"3,114",1404957,"157,300",50000,"2,626,764",5000,4,5,9,11,37,40,7
1125,2024-06-22,12,2195289188,78,56289467,"3,066",1432022,"147,313",50000,"2,442,674",5000,6,14,25,33,40,44,30
1124,2024-06-15,10,2623327913,87,50255324,"3,123",1400005,"158,630",50000,"2,619,643",5000,3,8,17,30,33,34,28
1123,2024-06-08,16,1731310711,77,59958813,"2,945",1567684,"147,087",50000,"2,456,500",5000,13,19,21,24,34,35,26
1122,2024-06-01,11,2556266046,99,47338261,"2,932",1598393,"151,473",50000,"2,540,890",5000,3,6,21,30,34,35,22
1121,2024-05-25,11,2524513262,76,60898347,"2,956",1565723,"148,984",50000,"2,494,773",5000,6,24,31,32,38,44,8
1120,2024-05-18,11,2522163375,91,50812816,"3,049",1516552,"154,910",50000,"2,532,990",5000,2,19,26,31,38,41,34
1119,2024-05-11,19,1396028764,97,45574823,"3,108",1422381,"155,000",50000,"2,560,859",5000,1,9,12,13,20,45,3
1118,2024-05-04,19,1477445132,72,64980226,"3,518",1329897,"145,194",50000,"2,435,050",5000,11,13,14,15,16,45,3
1117,2024-04-27,9,3028385542,94,48325302,"3,161",1437071,"155,379",50000,"2,567,618",5000,3,4,9,30,33,36,7
1116,2024-04-20,10,2695000238,114,39400589,"2,896",1550991,"145,548",50000,"2,444,108",5000,15,16,17,25,30,31,32
1115,2024-04-13,12,2257278282,60,75242610,"3,103",1454901,"158,614",50000,"2,584,491",5000,7,12,23,32,34,36,8
1114,2024-04-06,17,1583813824,88,50994006,"3,221",1393193,"160,537",50000,"2,574,463",5000,10,16,19,32,33,38,3
1113,2024-03-30,14,1987426822,57,81356654,"2,936",1579472,"146,997",50000,"2,444,535",5000,11,13,20,21,32,44,8
1112,2024-03-23,10,2804455650,59,79221912,"3,077",1519043,"148,163",50000,"2,461,430",5000,16,20,26,36,42,44,24
1111,2024-03-16,16,1714662540,97,47138490,"5,096",897260,"171,363",50000,"2,608,760",5000,3,13,30,33,43,45,4
1110,2024-03-09,16,1647392719,118,37229214,"3,654",1202258,"173,234",50000,"2,747,163",5000,3,7,11,20,22,41,24
1109,2024-03-02,17,1584352875,84,53440474,"3,347",1341202,"180,255",50000,"2,734,683",5000,10,12,13,19,33,40,2
1108,2024-02-24,14,1957990849,96,47590056,"3,227",1415757,"157,579",50000,"2,572,268",5000,7,19,26,37,39,44,27
1107,2024-02-17,14,2025625233,82,57639743,"3,357",1407942,"162,265",50000,"2,581,512",5000,6,14,30,31,40,41,29
1106,2024-02-10,11,2790462819,67,76355948,"3,374",1516257,"168,792",50000,"2,788,452",5000,1,3,4,29,42,45,36
1105,2024-02-03,15,1834853800,83,55266681,"2,898",1582863,"148,700",50000,"2,503,114",5000,6,16,34,37,39,40,11
1104,2024-01-27,15,1817193100,76,59776089,"3,000",1514328,"148,589",50000,"2,490,276",5000,1,7,21,30,35,38,2
1103,2024-01-20,17,1574419633,76,58695469,"2,909",1533468,"144,537",50000,"2,436,768",5000,10,12,29,31,40,44,2
1102,2024-01-13,20,1383591413,63,73205895,"3,042",1516099,"147,705",50000,"2,461,606",5000,13,14,22,26,37,38,20
1101,2024-01-06,13,2100529500,75,60681964,"3,363",1353300,"159,797",50000,"2,596,082",5000,6,7,13,28,36,42,41
1100,2023-12-30,13,2207575472,81,59050373,"2,869",1667160,"146,262",50000,"2,503,154",5000,17,26,29,30,31,43,12
1099,2023-12-23,9,2959934125,71,62533820,"2,701",1643800,"134,122",50000,"2,306,011",5000,3,20,28,38,40,43,4
1098,2023-12-16,13,1930461895,68,61509816,"2,840",1472771,"138,090",50000,"2,311,866",5000,12,16,21,24,41,43,15
1097,2023-12-09,7,3864293090,67,67288686,"2,631",1713547,"135,670",50000,"2,317,263",5000,14,33,34,35,37,40,4
1096,2023-12-02,10,2539391175,85,49791984,"2,924",1447442,"141,700",50000,"2,386,598",5000,1,12,16,19,23,43,34
1095,2023-11-25,10,2617825575,57,76544608,"2,584",1688484,"135,653",50000,"2,278,659",5000,8,14,28,29,34,40,12
1094,2023-11-18,12,2112854469,87,48571368,"2,725",1550719,"136,802",50000,"2,278,728",5000,6,7,15,22,26,40,41
1093,2023-11-11,13,1967040750,65,65568025,"2,928",1455575,"141,232",50000,"2,327,509",5000,10,17,22,30,35,43,44
1092,2023-11-04,16,1583289844,84,50263170,"3,327",1269044,"160,096",50000,"2,540,721",5000,7,18,19,26,33,45,37
1091,2023-10-28,9,2898470459,65,66887780,"2,873",1513299,"149,578",50000,"2,481,449",5000,6,20,23,24,28,30,44
1090,2023-10-21,11,2386494614,88,49718638,"2,931",1492747,"143,714",50000,"2,398,962",5000,12,19,21,29,40,45,1
1089,2023-10-14,9,2978522167,79,56554219,"2,825",1581517,"138,575",50000,"2,338,390",5000,4,18,31,37,42,43,40
1088,2023-10-07,11,2434697898,94,47485243,"2,991",1492348,"141,487",50000,"2,352,280",5000,11,21,22,30,39,44,31
1087,2023-09-30,16,1732253602,71,65061169,"2,989",1545448,"149,854",50000,"2,506,601",5000,13,14,18,21,34,44,16
1086,2023-09-23,17,1515913809,67,64105808,"3,270",1313483,"155,241",50000,"2,500,478",5000,11,16,25,27,35,36,37
1085,2023-09-16,23,1073277473,80,51427879,"3,471",1185316,"156,670",50000,"2,475,529",5000,4,7,17,18,38,44,36
1084,2023-09-09,15,1738764600,107,40625342,"3,003",1447523,"151,391",50000,"2,512,924",5000,8,12,13,29,33,42,5
1083,2023-09-02,15,1713084525,72,59482102,"3,274",1308098,"154,536",50000,"2,501,816",5000,3,7,14,15,22,38,17
1082,2023-08-26,7,3720489643,62,70009214,"2,768",1568126,"142,123",50000,"2,390,544",5000,21,26,27,32,34,42,31
1081,2023-08-19,11,2343892944,92,46708012,"2,923",1470112,"143,152",50000,"2,390,493",5000,1,9,16,23,24,38,17
1080,2023-08-12,7,3639444429,82,51780714,"2,720",1561037,"136,257",50000,"2,254,999",5000,13,16,23,31,36,44,38
1079,2023-08-05,9,2712329417,85,47864637,"3,212",1266655,"145,773",50000,"2,344,700",5000,4,8,18,24,37,45,6
1078,2023-07-29,12,2141604938,77,55626103,"2,691",1591680,"135,352",50000,"2,334,106",5000,6,10,11,14,36,38,43
1077,2023-07-22,7,3570901018,98,42510727,"3,235",1287806,"149,808",50000,"2,428,987",5000,4,8,17,30,40,43,34
1076,2023-07-15,9,2672689750,86,46616682,"3,109",1289494,"148,521",50000,"2,417,204",5000,3,7,9,33,36,37,10
1075,2023-07-08,9,2896337167,160,27153161,"2,750",1579821,"134,529",50000,"2,267,024",5000,1,23,24,35,44,45,10
1074,2023-07-01,12,2134763657,78,54737530,"2,711",1574891,"143,155",50000,"2,311,622",5000,1,6,20,27,28,41,15
1073,2023-06-24,11,2345227603,62,69348129,"2,994",1436067,"146,834",50000,"2,387,538",5000,6,18,28,30,32,38,15
1072,2023-06-17,12,2175006375,93,46774331,"2,872",1514629,"145,504",50000,"2,400,605",5000,16,18,20,23,32,43,27
1071,2023-06-10,5,5183979750,83,52047990,"2,891",1494287,"143,234",50000,"2,391,950",5000,1,2,11,21,30,35,39
1070,2023-06-03,14,1859116929,63,68856183,"2,938",1476495,"142,759",50000,"2,353,987",5000,3,6,14,22,30,41,36
1069,2023-05-27,14,1863217554,79,55031743,"3,006",1446277,"146,335",50000,"2,419,527",5000,1,10,18,22,28,31,44
1068,2023-05-20,19,1363929514,87,49644944,"3,114",1386998,"150,789",50000,"2,480,427",5000,4,7,19,26,33,35,3
1067,2023-05-13,13,1981114010,82,52346509,"3,679",1166734,"163,488",50000,"2,567,588",5000,7,10,19,23,28,33,18
1066,2023-05-06,15,1670947250,88,47470093,"3,323",1257108,"152,826",50000,"2,432,046",5000,6,11,16,19,21,32,45
1065,2023-04-29,14,1852593938,74,58415125,"3,117",1386821,"148,561",50000,"2,416,212",5000,3,18,19,23,32,45,24
1064,2023-04-22,19,1348168106,62,68858049,"3,296",1295267,"158,665",50000,"2,525,390",5000,3,6,9,18,22,35,14
1063,2023-04-15,7,3770311875,55,79976313,"2,706",1625535,"139,518",50000,"2,401,618",5000,3,6,22,23,24,38,30
1062,2023-04-08,7,3801933804,68,65229257,"2,668",1662515,"133,599",50000,"2,278,058",5000,20,31,32,40,41,45,12
1061,2023-04-01,11,2422768773,99,44866089,"3,003",1479102,"145,857",50000,"2,425,576",5000,4,24,27,35,37,45,15
1060,2023-03-25,28,898238907,96,43664392,"4,593",912646,"179,475",50000,"2,566,118",5000,3,10,24,33,38,45,36
1059,2023-03-18,13,2033168481,83,53074680,"3,127",1408762,"151,941",50000,"2,516,955",5000,7,10,22,25,34,40,27
1058,2023-03-11,13,2058020250,60,74317398,"3,074",1450568,"152,446",50000,"2,545,208",5000,11,23,25,30,32,40,42
1057,2023-03-04,17,1616069714,664,6895880,"2,962",1545870,"146,471",50000,"2,461,496",5000,8,13,19,27,40,45,12
1056,2023-02-25,14,1969662456,81,56739248,"3,223",1425964,"150,996",50000,"2,464,595",5000,13,20,24,32,36,45,29
1055,2023-02-18,11,2362815205,92,47085086,"3,413",1269215,"165,590",50000,"2,662,001",5000,4,7,12,14,22,33,31
1054,2023-02-11,9,3147925709,66,71543767,"2,714",1739827,"140,308",50000,"2,407,955",5000,14,19,27,28,30,45,33
1053,2023-02-04,7,4090367411,64,74563990,"2,702",1766135,"136,905",50000,"2,367,764",5000,22,26,29,30,34,45,15
1052,2023-01-28,11,2341682762,108,39750788,"2,926",1467220,"148,178",50000,"2,405,830",5000,5,17,26,27,35,38,1
1051,2023-01-21,18,1669558480,70,71552507,"2,824",1773611,"143,314",50000,"2,477,370",5000,21,26,30,32,33,35,44
1050,2023-01-14,17,1535083280,70,62134324,"2,866",1517587,"144,610",50000,"2,402,116",5000,6,12,31,35,38,43,17
1049,2023-01-07,15,1727810100,89,48533992,"2,968",1455366,"147,061",50000,"2,462,622",5000,3,5,13,20,21,37,17
1048,2022-12-31,17,1612494508,102,44791515,"3,817",1196944,"170,086",50000,"2,721,555",5000,6,12,17,21,32,39,30
1047,2022-12-24,9,2748797875,83,49677071,"2,728",1511436,"139,530",50000,"2,313,403",5000,2,20,33,40,42,44,32
1046,2022-12-17,12,2011415719,57,70575991,"2,959",1359524,"139,560",50000,"2,260,269",5000,7,16,25,29,35,36,28
1045,2022-12-10,13,1990060443,67,64355189,"2,699",1597554,"135,872",50000,"2,280,432",5000,6,14,15,19,21,41,37
1044,2022-12-03,8,3136941235,72,58091505,"2,597",1610547,"134,226",50000,"2,254,796",5000,12,17,20,26,28,36,4
1043,2022-11-26,17,1468646956,86,48385656,"3,156",1318494,"155,087",50000,"2,495,858",5000,3,5,12,22,26,31,19
1042,2022-11-19,20,1240663669,100,41355456,"3,567",1159391,"157,156",50000,"2,462,593",5000,5,14,15,23,34,43,4
1041,2022-11-12,25,935091165,85,45837803,"3,947",987133,"167,535",50000,"2,620,869",5000,6,7,9,11,17,18,45
1040,2022-11-05,7,3660482625,63,67786716,"2,583",1653335,"133,245",50000,"2,235,373",5000,8,16,26,29,31,36,11
1039,2022-10-29,16,1585019672,80,52833990,"2,773",1524241,"140,403",50000,"2,359,126",5000,2,3,6,19,36,39,26
1038,2022-10-22,15,1627457225,77,52839521,"3,364",1209466,"154,690",50000,"2,436,512",5000,7,16,24,27,37,44,2
1037,2022-10-15,15,1708576825,78,54762078,"2,713",1574435,"137,021",50000,"2,279,500",5000,2,14,15,22,27,33,31
1036,2022-10-08,9,2837323167,64,66499762,"2,593",1641337,"133,443",50000,"2,231,388",5000,2,5,22,32,34,45,39
1035,2022-10-01,8,3231193735,71,60679695,"2,848",1512732,"141,624",50000,"2,366,499",5000,9,14,34,35,41,42,2
1034,2022-09-24,9,2868856209,66,65201278,"2,898",1484916,"142,939",50000,"2,400,364",5000,26,31,32,33,38,40,11
1033,2022-09-17,13,1913414943,79,52477625,"3,083",1344708,"145,505",50000,"2,376,004",5000,3,11,15,20,35,44,10
1032,2022-09-10,10,2675257538,90,49541807,"3,078",1448591,"149,807",50000,"2,458,611",5000,1,6,12,19,36,42,28
1031,2022-09-03,8,3213957563,64,66957450,"2,789",1536493,"132,815",50000,"2,247,015",5000,6,7,22,32,35,36,19
1030,2022-08-27,19,1276406507,104,38864942,"3,278",1233055,"154,929",50000,"2,473,576",5000,2,5,11,17,24,29,9
1029,2022-08-20,10,2527848450,62,67952916,"2,614",1611738,"125,573",50000,"2,136,972",5000,12,30,32,37,39,41,24
1028,2022-08-13,20,1181235132,91,43268687,"2,810",1401228,"142,778",50000,"2,333,653",5000,5,7,12,13,18,35,23
1027,2022-08-06,10,2460504338,83,49407718,"2,700",1518830,"134,097",50000,"2,217,201",5000,14,16,27,35,39,45,5
1026,2022-07-30,15,1619118475,76,53260477,"2,786",1452907,"138,907",50000,"2,290,094",5000,5,12,13,31,32,41,34
1025,2022-07-23,4,6118853344,69,59119356,"2,671",1527232,"134,665",50000,"2,258,426",5000,8,9,20,25,29,33,7
1024,2022-07-16,8,3020323500,63,63922191,"2,616",1539411,"134,065",50000,"2,224,097",5000,9,18,20,22,38,44,10
1023,2022-07-09,9,2745677875,72,57201623,"2,506",1643463,"127,810",50000,"2,172,239",5000,10,14,16,18,29,35,25
1022,2022-07-02,5,4866468075,63,64371271,"2,580",1571857,"127,962",50000,"2,155,059",5000,5,6,11,29,42,45,28
1021,2022-06-25,12,2108962250,56,75320081,"2,461",1713907,"126,484",50000,"2,182,497",5000,12,15,17,24,29,45,16
1020,2022-06-18,13,1966431520,77,55332489,"2,817",1512461,"138,221",50000,"2,300,467",5000,12,27,29,38,41,45,6
1019,2022-06-11,50,438565140,75,48729460,"5,823",627634,"192,646",50000,"2,506,493",5000,1,4,13,17,34,39,6
1018,2022-06-04,2,12361744688,62,66460993,"2,693",1530109,"130,602",50000,"2,216,230",5000,3,19,21,25,37,45,35
1017,2022-05-28,7,3517684822,70,58628081,"2,596",1580881,"133,621",50000,"2,235,724",5000,12,18,22,23,30,34,32
1016,2022-05-21,11,2260660671,68,60949185,"2,686",1543018,"132,413",50000,"2,202,914",5000,15,26,28,34,41,42,44
1015,2022-05-14,8,3051105610,102,39883734,"2,880",1412549,"144,321",50000,"2,304,033",5000,14,23,31,33,37,40,44
1014,2022-05-07,10,2410449338,69,58223414,"2,849",1410115,"143,906",50000,"2,372,712",5000,3,11,14,18,26,27,21
1013,2022-04-30,5,5047570725,79,53244417,"2,586",1626570,"128,697",50000,"2,157,701",5000,21,22,26,34,36,41,32
1012,2022-04-23,13,1861944318,76,53081746,"2,882",1399797,"141,514",50000,"2,324,952",5000,5,11,18,20,35,45,3
1011,2022-04-16,11,2220348512,76,53561039,"2,818",1444514,"137,485",50000,"2,292,065",5000,1,9,12,26,35,38,42
1010,2022-04-09,8,3119380079,66,63017780,"2,781",1495568,"136,828",50000,"2,278,193",5000,9,12,15,25,34,36,3
1009,2022-04-02,15,1702462825,69,61683436,"2,632",1617081,"133,476",50000,"2,232,525",5000,15,23,29,34,40,44,20
1008,2022-03-26,11,2267377910,97,42854222,"2,826",1470935,"141,072",50000,"2,311,009",5000,9,11,30,31,41,44,33
1007,2022-03-19,9,2718786375,70,58259709,"2,844",1433960,"137,134",50000,"2,256,573",5000,8,11,16,19,21,25,40
1006,2022-03-12,9,2855602125,65,65898511,"2,487",1722318,"131,234",50000,"2,288,458",5000,8,11,15,16,17,37,36
1005,2022-03-05,12,2061199344,84,49076175,"2,798",1473338,"143,067",50000,"2,349,017",5000,8,13,18,24,27,29,17
1004,2022-02-26,10,2576251913,68,63143430,"2,785",1541743,"140,047",50000,"2,340,772",5000,7,15,30,37,39,44,18
1003,2022-02-19,14,1811116822,66,64029383,"2,649",1595297,"133,896",50000,"2,247,475",5000,1,4,29,39,43,45,31
1002,2022-02-12,8,3088449563,85,48446268,"3,193",1289676,"155,418",50000,"2,436,676",5000,17,25,33,35,38,45,15
1001,2022-02-05,12,2077279594,66,62947867,"2,761",1504730,"140,255",50000,"2,346,904",5000,6,10,12,14,20,42,15
1000,2022-01-29,22,1246819620,109,41941945,"4,018",1137798,"180,052",50000,"2,747,686",5000,2,8,19,22,32,42,39
999,2022-01-22,16,1513274790,67,60229843,"2,943",1371186,"143,217",50000,"2,369,326",5000,1,3,9,14,18,28,34
998,2022-01-15,12,2076499657,53,78358478,"2,648",1568354,"129,576",50000,"2,227,628",5000,13,17,18,20,42,45,41
997,2022-01-08,19,1253749560,85,46708317,"3,692",1075354,"155,887",50000,"2,331,995",5000,4,7,14,16,24,44,20
996,2022-01-01,18,1491185771,86,52018109,"3,313",1350305,"155,856",50000,"2,546,181",5000,6,11,15,24,32,39,28
995,2021-12-25,7,3447271875,69,58287206,"2,793",1439964,"138,372",50000,"2,269,218",5000,1,4,13,29,38,39,7
994,2021-12-18,12,1861582063,70,53188059,"2,803",1328279,"137,937",50000,"2,216,661",5000,1,3,8,24,27,35,28
993,2021-12-11,6,3991197063,70,57017101,"2,732",1460907,"132,583",50000,"2,220,620",5000,6,14,16,18,24,42,44
992,2021-12-04,12,1986955563,58,68515710,"2,373",1674636,"124,311",50000,"2,105,282",5000,12,20,26,33,44,45,24
991,2021-11-27,8,2904166032,110,35202013,"2,969",1304218,"138,068",50000,"2,226,394",5000,13,18,25,31,33,44,38
990,2021-11-20,14,1740095277,56,72503970,"2,858",1420652,"129,113",50000,"2,169,219",5000,2,4,25,26,36,37,28
989,2021-11-13,4,5826768563,63,61658927,"2,444",1589408,"127,891",50000,"2,158,436",5000,17,18,21,27,29,33,26
988,2021-11-06,9,2678489375,61,65864493,"2,663",1508725,"129,322",50000,"2,139,025",5000,2,13,20,30,31,41,27
987,2021-10-30,10,2378711625,73,54308485,"2,968",1335755,"140,004",50000,"2,283,682",5000,2,4,15,23,29,38,7
986,2021-10-23,10,2375275125,70,56554170,"2,793",1417398,"133,889",50000,"2,231,167",5000,7,10,16,28,41,42,40
985,2021-10-16,10,2434752975,62,65450349,"2,581",1572229,"126,523",50000,"2,123,240",5000,17,21,23,30,34,44,19
984,2021-10-09,7,3453006268,64,62945427,"2,596",1551814,"128,129",50000,"2,149,335",5000,3,10,23,35,36,37,18
983,2021-10-02,10,2503422225,78,53491928,"2,640",1580444,"131,780",50000,"2,196,308",5000,13,23,26,31,35,43,15
982,2021-09-25,8,3023630672,81,49771699,"2,931",1375472,"139,208",50000,"2,291,933",5000,5,7,13,20,21,44,33
981,2021-09-18,13,1992863193,65,66428774,"2,824",1528991,"136,630",50000,"2,289,650",5000,27,36,37,41,43,45,32
980,2021-09-11,7,3409443215,70,56824054,"2,819",1411027,"135,751",50000,"2,237,534",5000,3,13,16,23,24,35,14
979,2021-09-04,14,1606400518,79,47446429,"3,414",1097911,"154,980",50000,"2,403,760",5000,7,11,16,21,27,33,24
978,2021-08-28,10,2373391388,70,56509319,"2,826",1399736,"133,915",50000,"2,217,326",5000,1,7,15,32,34,42,8
977,2021-08-21,14,1669905911,82,47517648,"2,474",1574959,"125,781",50000,"2,097,459",5000,2,9,10,14,22,44,16
976,2021-08-14,7,3243867215,69,54847997,"3,085",1226747,"142,375",50000,"2,270,249",5000,4,12,14,25,35,37,2
975,2021-08-07,9,2440410375,61,60010092,"2,828",1294419,"135,604",50000,"2,212,347",5000,7,8,9,17,22,24,5
974,2021-07-31,17,1317034523,66,56539361,"2,636",1415629,"129,473",50000,"2,149,319",5000,1,2,11,16,39,44,32
973,2021-07-24,8,2912742750,42,92468024,"2,257",1720717,"117,757",50000,"2,003,966",5000,22,26,31,37,41,42,24
972,2021-07-17,20,1124886244,80,46870261,"2,570",1458997,"126,989",50000,"2,122,398",5000,3,6,17,23,37,39,26
971,2021-07-10,6,3725880250,62,60094843,"2,685",1387665,"131,409",50000,"2,171,694",5000,2,6,17,18,21,26,7
970,2021-07-03,14,1611544045,87,43221488,"2,479",1516850,"124,923",50000,"2,061,176",5000,9,11,16,21,28,36,5
969,2021-06-26,20,1149427894,56,68418328,"2,633",1455157,"133,079",50000,"2,211,803",5000,3,9,10,29,40,45,7
968,2021-06-19,13,1667729683,97,37251694,"3,116",1159633,"148,150",50000,"2,329,460",5000,2,5,12,14,24,39,33
967,2021-06-12,4,5809776094,69,56133103,"2,475",1564923,"121,200",50000,"2,042,462",5000,1,6,13,37,38,40,9
966,2021-06-05,10,2411303513,50,80376784,"2,352",1708691,"115,370",50000,"1,980,202",5000,1,21,25,29,34,37,36
965,2021-05-29,7,3403348929,46,86316821,"2,389",1662024,"122,129",50000,"2,043,257",5000,2,13,25,28,29,36,34
964,2021-05-22,10,2345861063,52,75187855,"2,447",1597781,"123,780",50000,"2,061,560",5000,6,21,36,38,39,43,30
963,2021-05-15,15,1476478125,68,54282285,"3,137",1176665,"141,987",50000,"2,219,439",5000,6,12,19,23,34,42,35
962,2021-05-08,12,1940906094,73,53175510,"2,581",1503996,"126,528",50000,"2,119,457",5000,1,18,28,31,34,43,40
961,2021-05-01,9,2575231209,73,52915710,"2,716",1422256,"133,764",50000,"2,197,136",5000,11,20,29,31,33,42,43
960,2021-04-24,10,2401133213,56,71462298,"2,569",1557762,"129,546",50000,"2,180,006",5000,2,18,24,30,32,45,14
959,2021-04-17,8,3015312891,75,53605563,"2,502",1606882,"123,802",50000,"2,072,896",5000,1,14,15,24,40,41,35
958,2021-04-10,15,1596119675,67,59556705,"2,470",1615506,"131,097",50000,"2,168,146",5000,2,9,10,16,35,37,1
957,2021-04-03,11,2126634137,61,63915234,"2,835",1375249,"129,545",50000,"2,131,893",5000,4,15,24,35,36,40,1
956,2021-03-27,11,2022982671,136,27270600,"3,053",1214806,"144,650",50000,"2,325,943",5000,10,11,20,21,25,41,40
955,2021-03-20,12,2023170188,71,56990710,"2,650",1526921,"130,744",50000,"2,196,889",5000,4,9,23,26,29,33,8
954,2021-03-13,10,2478795900,64,64551977,"2,657",1554884,"132,057",50000,"2,214,839",5000,1,9,26,28,30,41,32
953,2021-03-06,14,1640636009,102,37530890,"3,273",1169616,"146,120",50000,"2,331,848",5000,7,9,22,27,37,42,34
952,2021-02-27,9,2713699834,93,43769353,"3,039",1339438,"141,776",50000,"2,304,925",5000,4,12,22,24,33,41,38
951,2021-02-20,14,1747552661,72,56633652,"2,907",1402692,"142,335",50000,"2,346,154",5000,2,12,30,31,39,43,38
950,2021-02-13,8,3281920500,67,65311851,"2,886",1516249,"146,270",50000,"2,422,941",5000,3,4,15,22,28,40,10
949,2021-02-06,10,2458569713,65,63040250,"2,594",1579652,"130,363",50000,"2,192,075",5000,14,21,35,36,40,44,30
948,2021-01-30,11,2188548716,90,44581548,"2,905",1381184,"137,929",50000,"2,252,913",5000,13,18,30,31,38,41,5
947,2021-01-23,18,1275855750,58,65992539,"3,182",1202881,"146,908",50000,"2,351,804",5000,3,8,17,20,27,35,26
946,2021-01-16,11,2157656182,71,55714127,"2,949",1341371,"138,433",50000,"2,224,563",5000,9,18,19,30,34,40,20
945,2021-01-09,13,1765554491,71,53878424,"2,490",1536293,"124,224",50000,"2,120,882",5000,9,10,15,30,33,37,26
944,2021-01-02,13,1961836356,79,53805639,"3,057",1390464,"147,665",50000,"2,440,455",5000,2,13,16,19,32,33,42
943,2020-12-26,7,3435045108,74,54156117,"2,722",1472283,"135,763",50000,"2,238,429",5000,1,8,13,36,44,45,39
942,2020-12-19,6,3761680313,52,72340007,"2,473",1521101,"120,907",50000,"2,045,438",5000,10,12,18,35,42,43,39
941,2020-12-12,16,1347297422,87,41296473,"3,275",1097037,"145,544",50000,"2,282,851",5000,12,14,25,27,39,40,35
940,2020-12-05,8,2846071079,51,74407088,"2,329",1629353,"123,292",50000,"2,087,480",5000,3,15,20,22,24,41,11
939,2020-11-28,13,1708363039,67,55245571,"2,682",1380110,"128,408",50000,"2,127,595",5000,4,11,28,39,42,45,6
938,2020-11-21,10,2249466563,64,58579859,"2,531",1481277,"124,971",50000,"2,096,955",5000,4,8,10,16,31,36,9
937,2020-11-14,11,2058420819,57,66206518,"2,480",1521683,"124,141",50000,"2,092,601",5000,2,10,13,22,29,40,26
936,2020-11-07,14,1492069179,77,45214218,"2,864",1215606,"140,160",50000,"2,252,623",5000,7,11,13,17,18,29,43
935,2020-10-31,13,1711055424,120,30894057,"2,933",1263992,"134,376",50000,"2,118,071",5000,4,10,20,32,38,44,18
934,2020-10-24,4,5765772844,66,58240130,"2,359",1629440,"116,726",50000,"1,985,417",5000,1,3,30,33,36,39,12
933,2020-10-17,8,2927797079,63,61963960,"2,215",1762407,"114,043",50000,"1,962,088",5000,23,27,29,31,36,45,37
932,2020-10-10,7,3390022983,64,61797294,"2,420",1634309,"120,969",50000,"2,067,196",5000,1,6,15,36,37,38,5
931,2020-10-03,8,2957108063,54,73015014,"2,596",1518803,"121,943",50000,"2,041,653",5000,14,15,23,25,35,43,32
930,2020-09-26,8,2832418829,55,68664699,"2,776",1360432,"128,480",50000,"2,124,548",5000,8,21,25,38,39,44,28
929,2020-09-19,16,1308035157,91,38330701,"3,028",1151947,"140,880",50000,"2,244,712",5000,7,9,12,15,19,23,4
928,2020-09-12,7,3134591358,81,45148436,"2,639",1385761,"121,873",50000,"2,011,931",5000,3,4,10,20,28,44,30
927,2020-09-05,6,3714203875,63,58955618,"2,331",1593396,"118,446",50000,"1,979,589",5000,4,15,22,38,41,43,26
926,2020-08-29,10,2032490663,72,47048395,"2,923",1158907,"133,167",50000,"2,085,580",5000,10,16,18,20,25,31,6
925,2020-08-22,12,1771080532,68,52090604,"2,335",1516986,"117,863",50000,"1,944,019",5000,13,24,32,34,39,42,4
924,2020-08-15,9,2382430667,69,51791972,"2,198",1625863,"113,214",50000,"1,920,852",5000,3,11,34,42,43,44,13
923,2020-08-08,8,2667554625,56,63513206,"2,376",1496945,"115,877",50000,"1,937,187",5000,3,17,18,23,36,41,26
922,2020-08-01,6,3417904500,89,38403422,"2,876",1188423,"136,052",50000,"2,097,501",5000,2,6,13,17,27,43,36
921,2020-07-25,17,1232573405,72,48504047,"2,682",1302123,"129,993",50000,"2,101,238",5000,5,7,12,22,28,41,1
920,2020-07-18,7,3120260197,53,68684973,"2,348",1550385,"117,181",50000,"1,984,222",5000,2,3,26,33,34,43,29
919,2020-07-11,5,4305150450,56,64064739,"2,541",1411896,"122,864",50000,"2,052,965",5000,9,14,17,18,42,44,35
918,2020-07-04,18,1117622646,86,38986837,"2,718",1233580,"137,216",50000,"2,183,337",5000,7,11,12,31,33,38,5
917,2020-06-27,10,2144799638,47,76056725,"2,260",1581711,"117,542",50000,"2,000,201",5000,1,3,23,24,27,43,34
916,2020-06-20,11,2025384341,70,53045781,"2,184",1700186,"111,426",50000,"1,857,917",5000,6,21,22,32,35,36,17
915,2020-06-13,6,3518640500,63,55851437,"2,436",1444434,"119,025",50000,"1,966,167",5000,2,6,11,13,22,37,14
914,2020-06-06,11,1950005557,55,65000186,"2,585",1382983,"122,904",50000,"2,006,794",5000,16,19,24,33,42,44,27
913,2020-05-30,16,1338755602,66,54091136,"2,467",1447108,"122,530",50000,"1,996,371",5000,6,14,16,21,27,37,40
912,2020-05-23,14,1493500581,70,49783353,"2,547",1368212,"125,332",50000,"2,030,860",5000,5,8,18,21,22,38,10
911,2020-05-16,10,2113538625,58,60733869,"2,571",1370115,"123,236",50000,"2,064,778",5000,4,5,12,14,32,42,35
910,2020-05-09,21,941316375,72,45758435,"2,694",1222943,"128,516",50000,"2,074,354",5000,1,11,17,27,35,39,31
909,2020-05-02,11,2021062875,63,58814000,"2,316",1599863,"111,558",50000,"1,910,295",5000,7,24,29,30,34,35,33
908,2020-04-25,8,2834856141,57,66312425,"2,161",1749102,"108,610",50000,"1,858,567",5000,3,16,21,22,23,44,30
907,2020-04-18,7,3165059036,67,55112969,"2,300",1605465,"112,189",50000,"1,903,128",5000,21,27,29,38,40,44,37
906,2020-04-11,9,2472607250,63,58871602,"2,369",1565602,"117,171",50000,"1,988,860",5000,2,5,14,28,31,32,20
905,2020-04-04,7,3017862536,77,45725190,"2,643",1332138,"129,133",50000,"2,111,090",5000,3,4,16,27,38,40,20
904,2020-03-28,8,2718077813,92,39392433,"2,337",1550751,"115,626",50000,"1,938,996",5000,2,6,8,26,43,45,11
903,2020-03-21,13,1684582212,49,74488330,"2,316",1575963,"111,981",50000,"1,902,821",5000,2,15,16,21,22,28,45
902,2020-03-14,13,1619317529,67,52365990,"2,372",1479141,"119,126",50000,"1,945,304",5000,7,19,23,24,36,39,30
901,2020-03-07,9,2267974667,67,50775553,"2,308",1473987,"114,451",50000,"1,890,747",5000,5,18,20,23,30,34,21
900,2020-02-29,6,3349851375,51,65683361,"2,385",1404550,"113,132",50000,"1,872,855",5000,7,13,16,18,35,38,14
899,2020-02-22,6,3359356063,53,63384077,"2,402",1398567,"121,900",50000,"1,993,765",5000,8,19,20,21,33,39,37
898,2020-02-15,8,2639313235,56,62840792,"3,240",1086138,"137,051",50000,"2,005,739",5000,18,21,28,35,37,42,17
897,2020-02-08,13,1619922520,62,56610196,"2,398",1463650,"121,076",50000,"1,996,656",5000,6,7,12,22,26,36,29
896,2020-02-01,7,3053222036,46,77436791,"2,586",1377453,"128,068",50000,"2,066,172",5000,5,12,25,26,38,45,23
895,2020-01-25,12,1928079219,58,66485491,"2,750",1402240,"134,059",50000,"2,185,782",5000,16,26,31,38,39,41,23
894,2020-01-18,9,2377935959,56,63694714,"2,331",1530204,"116,749",50000,"1,971,982",5000,19,32,37,40,41,43,45
893,2020-01-11,9,2377433625,58,61485353,"2,113",1687720,"116,062",50000,"1,899,696",5000,1,15,17,23,25,41,10
892,2020-01-04,17,1282017464,78,46569011,"2,709",1340858,"134,155",50000,"2,155,749",5000,4,9,17,18,26,42,36
891,2019-12-28,7,3082673947,77,46707182,"2,443",1472147,"122,132",50000,"1,998,623",5000,9,13,28,31,39,41,19
890,2019-12-21,9,2335486167,58,60400505,"2,376",1474424,"114,859",50000,"1,915,593",5000,1,4,14,18,29,37,6
889,2019-12-14,10,2108986950,60,58582971,"2,338",1503413,"114,198",50000,"1,907,477",5000,3,13,29,38,39,42,26
888,2019-12-07,8,2370359204,59,53567440,"2,453",1288414,"123,025",50000,"1,990,715",5000,3,7,12,31,34,38,32
887,2019-11-30,8,2535268688,66,51217550,"2,388",1415561,"114,719",50000,"1,885,924",5000,8,14,17,27,36,45,10
886,2019-11-23,7,2974643786,59,58820640,"2,140",1621691,"109,766",50000,"1,768,281",5000,19,23,28,37,42,45,2
885,2019-11-16,13,1543832568,56,59731618,"2,279",1467737,"111,832",50000,"1,869,359",5000,1,3,24,27,39,45,31
884,2019-11-09,12,1799077282,74,48623711,"2,207",1630338,"108,076",50000,"1,817,654",5000,4,14,23,28,37,45,17
883,2019-11-02,15,1360519525,65,52327675,"2,538",1340150,"119,613",50000,"1,924,209",5000,9,18,32,33,37,44,22
882,2019-10-26,5,4127270400,44,78168000,"2,082",1651966,"109,226",50000,"1,839,873",5000,18,34,39,43,44,45,23
881,2019-10-19,8,2503212282,67,49815170,"2,189",1524722,"116,952",50000,"1,939,849",5000,4,18,20,26,27,32,9
880,2019-10-12,7,2837810465,52,63668825,"2,332",1419717,"114,994",50000,"1,939,064",5000,7,17,19,23,24,45,38
879,2019-10-05,6,3206361313,77,41641057,"2,594",1236069,"123,497",50000,"1,952,277",5000,1,4,10,14,15,35,20
878,2019-09-28,6,3207993500,69,46492660,"2,971",1079769,"129,139",50000,"1,994,188",5000,2,6,11,16,25,31,3
877,2019-09-21,12,1716607188,75,45776192,"2,167",1584317,"109,806",50000,"1,867,270",5000,5,17,18,22,23,43,12
876,2019-09-14,19,1090657856,59,58538134,"2,427",1423054,"112,619",50000,"1,856,647",5000,5,16,21,26,34,42,24
875,2019-09-07,14,1415946724,33,100117446,"2,278",1450341,"105,071",50000,"1,726,617",5000,19,22,30,34,39,44,36
874,2019-08-31,18,1117123917,68,49284879,"2,240",1496149,"110,655",50000,"1,830,269",5000,1,15,19,23,28,42,32
873,2019-08-24,10,1874553225,68,45944932,"2,375",1315476,"123,684",50000,"2,001,910",5000,3,5,12,13,33,39,38
872,2019-08-17,16,1262705579,46,73200324,"2,018",1668591,"99,681",50000,"1,715,898",5000,2,4,30,32,33,43,29
871,2019-08-10,7,2718071358,61,51984972,"2,231",1421374,"108,666",50000,"1,792,357",5000,2,6,12,26,30,34,38
870,2019-08-03,10,1928842988,48,66973715,"2,033",1581279,"102,000",50000,"1,705,285",5000,21,25,30,32,40,42,31
869,2019-07-27,10,1922582588,56,57219720,"2,210",1449912,"108,562",50000,"1,814,332",5000,2,6,20,27,37,39,4
868,2019-07-20,6,3233804250,61,53013185,"2,152",1502698,"109,133",50000,"1,789,491",5000,12,17,28,41,43,44,25
867,2019-07-13,5,3933755250,57,57511042,"2,175",1507186,"109,516",50000,"1,820,552",5000,14,17,19,22,24,40,41
866,2019-07-06,9,2240409000,68,49420787,"2,035",1651408,"104,919",50000,"1,770,017",5000,9,15,29,34,37,39,12
865,2019-06-29,13,1551729145,52,64655382,"2,076",1619499,"104,626",50000,"1,749,234",5000,3,15,22,32,33,45,2
864,2019-06-22,11,1716553637,64,49172110,"2,467",1275645,"122,913",50000,"1,957,675",5000,3,7,10,13,25,36,32
863,2019-06-15,7,2853357322,64,52014327,"2,042",1630224,"104,949",50000,"1,753,097",5000,16,21,28,35,39,43,12
862,2019-06-08,9,2190922709,63,52164827,"2,042",1609395,"104,765",50000,"1,755,036",5000,10,34,38,40,42,43,32
861,2019-06-01,4,4872108844,65,49970348,"2,256",1439749,"108,644",50000,"1,819,899",5000,11,17,19,21,22,25,24
860,2019-05-25,10,1879899825,62,50534942,"2,339",1339533,"128,867",50000,"1,882,931",5000,4,8,18,25,27,32,42
859,2019-05-18,11,1853927489,51,66644453,"1,895",1793598,"97,729",50000,"1,678,945",5000,8,22,35,38,39,41,24
858,2019-05-11,9,2202347459,41,80573688,"2,075",1592059,"106,176",50000,"1,789,295",5000,9,13,32,38,39,43,23
857,2019-05-04,15,1284915425,62,51811106,"2,367",1357114,"111,971",50000,"1,833,940",5000,6,10,16,28,34,38,43
856,2019-04-27,5,3977927550,53,62546031,"1,949",1700842,"104,537",50000,"1,700,369",5000,10,24,40,41,43,44,17
855,2019-04-20,9,2269510500,61,55807636,"2,022",1683614,"102,532",50000,"1,765,328",5000,8,15,17,19,43,44,7
854,2019-04-13,6,3421706750,44,77766063,"1,865",1834696,"99,152",50000,"1,716,083",5000,20,25,31,32,36,43,3
853,2019-04-06,7,2885006786,90,37398237,"2,018",1667910,"105,158",50000,"1,787,511",5000,2,8,23,26,27,44,13
852,2019-03-30,4,4801543407,67,47776552,"2,328",1375013,"114,850",50000,"1,876,933",5000,11,17,28,30,33,35,9
851,2019-03-23,8,2483692313,70,47308425,"2,101",1576197,"106,132",50000,"1,750,048",5000,14,18,22,26,31,44,40
850,2019-03-16,6,3377587875,55,61410689,"2,023",1669594,"101,591",50000,"1,727,367",5000,16,20,24,28,36,39,5
849,2019-03-09,17,1158252883,56,58602081,"2,682",1223608,"113,125",50000,"1,851,371",5000,5,13,17,29,34,39,3
848,2019-03-02,7,3011580858,42,83655024,"2,109",1665961,"103,845",50000,"1,792,259",5000,1,2,16,22,38,39,34
847,2019-02-23,8,2520846657,40,84028222,"2,443",1375821,"114,324",50000,"1,857,205",5000,12,16,26,28,30,42,22
846,2019-02-16,13,1596884395,69,50143713,"1,997",1732557,"106,009",50000,"1,797,728",5000,5,18,30,41,43,45,13
845,2019-02-09,11,1891217182,56,61914849,"2,038",1701292,"105,790",50000,"1,782,933",5000,1,16,29,33,40,45,6
844,2019-02-02,18,1162963542,73,47793023,"2,406",1450080,"120,078",50000,"1,997,556",5000,7,8,13,15,33,45,18
843,2019-01-26,5,4012970100,52,64310419,"2,002",1670401,"105,717",50000,"1,777,953",5000,19,21,30,33,34,42,4
842,2019-01-19,10,2035475025,42,80772819,"2,039",1663786,"103,190",50000,"1,735,911",5000,14,26,32,36,39,42,38
841,2019-01-12,17,1116095714,88,35934900,"2,490",1269989,"119,648",50000,"1,901,965",5000,5,11,14,30,33,38,24
840,2019-01-05,10,2042961788,51,66763458,"2,275",1496676,"110,586",50000,"1,852,019",5000,2,4,11,28,29,43,27
839,2018-12-29,13,1359454904,48,61364284,"2,664",1105663,"126,227",50000,"1,946,924",5000,3,9,11,12,13,19,35
838,2018-12-22,5,3813733050,68,46736925,"2,220",1431582,"107,897",50000,"1,777,501",5000,9,14,17,33,36,38,20
837,2018-12-15,6,3144449125,47,66903173,"2,012",1562848,"97,334",50000,"1,656,959",5000,2,25,28,30,33,45,6
836,2018-12-08,14,1257843670,62,47338203,"2,230",1316130,"103,846",50000,"1,719,260",5000,1,9,11,14,26,28,19
835,2018-12-01,15,1233681125,58,53175911,"2,306",1337469,"106,763",50000,"1,767,089",5000,9,10,13,28,38,45,35
834,2018-11-24,11,1690693671,47,65949044,"1,967",1575804,"99,132",50000,"1,643,491",5000,6,8,18,35,42,43,3
833,2018-11-17,8,2356317282,53,59278423,"1,945",1615299,"103,152",50000,"1,715,510",5000,12,18,30,39,41,42,19
832,2018-11-10,9,2088204584,60,52205115,"2,137",1465750,"102,312",50000,"1,706,379",5000,13,14,19,26,40,43,30
831,2018-11-03,16,1110702258,61,48555290,"2,660",1113486,"117,332",50000,"1,849,959",5000,3,10,16,19,31,39,9
830,2018-10-27,9,2060528750,80,38634915,"2,142",1442948,"106,206",50000,"1,764,071",5000,5,6,16,18,37,38,17
829,2018-10-20,8,2444650641,45,72434094,"1,837",1774379,"94,679",50000,"1,637,836",5000,4,5,31,35,43,45,29
828,2018-10-13,13,1455185972,62,50853274,"1,968",1602085,"100,644",50000,"1,704,198",5000,4,7,13,29,31,39,18
827,2018-10-06,15,1206500375,46,65570673,"2,113",1427474,"106,164",50000,"1,761,371",5000,5,11,12,29,33,44,14
826,2018-09-29,9,2075192084,47,66229535,"2,232",1394619,"108,626",50000,"1,755,153",5000,13,16,24,25,33,36,42
825,2018-09-22,12,1658710563,53,62592852,"2,249",1475065,"113,070",50000,"1,850,484",5000,8,15,21,31,33,38,42
824,2018-09-15,15,1256646550,51,61600322,"2,106",1491746,"105,359",50000,"1,745,566",5000,7,9,24,29,34,38,26
823,2018-09-08,9,2009843917,61,49422392,"2,348",1283972,"112,065",50000,"1,795,737",5000,12,18,24,26,39,40,15
822,2018-09-01,3,5930898625,79,37537334,"2,153",1377357,"108,789",50000,"1,735,565",5000,9,18,20,24,27,36,12
821,2018-08-25,14,1316155956,55,55836920,"2,100",1462396,"101,082",50000,"1,687,355",5000,1,12,13,24,29,44,16
820,2018-08-18,4,4627313532,60,51414595,"1,987",1552530,"99,433",50000,"1,644,326",5000,10,21,22,30,35,42,6
819,2018-08-11,7,2594534840,49,61774640,"1,981",1527995,"97,667",50000,"1,638,089",5000,16,25,33,38,40,45,15
818,2018-08-04,13,1380804318,39,76711351,"1,845",1621541,"90,205",50000,"1,490,497",5000,14,15,25,28,29,30,3
817,2018-07-28,9,1868477334,54,51902149,"2,068",1355279,"105,276",50000,"1,718,171",5000,3,9,12,13,25,43,34
816,2018-07-21,8,2128107938,67,42350407,"2,064",1374747,"102,402",50000,"1,675,799",5000,12,18,19,29,31,39,7
815,2018-07-14,7,2579855358,39,77175161,"1,703",1767371,"92,977",50000,"1,596,140",5000,17,21,25,26,27,36,4
814,2018-07-07,6,3067192063,52,58984463,"1,833",1673319,"93,837",50000,"1,585,777",5000,2,21,28,38,42,45,30
813,2018-06-30,4,4591763157,43,71190127,"1,800",1700654,"89,323",50000,"1,548,384",5000,11,30,34,35,42,44,27
812,2018-06-23,6,2947954750,68,43352276,"1,976",1491880,"100,498",50000,"1,693,074",5000,1,3,12,14,16,43,10
811,2018-06-16,7,2524148197,49,60098767,"2,151",1369057,"104,155",50000,"1,703,788",5000,8,11,19,21,36,45,25
810,2018-06-09,8,2231598047,64,46491626,"2,053",1449325,"100,608",50000,"1,672,013",5000,5,10,13,21,39,43,11
809,2018-06-02,6,2921372750,56,52167371,"2,179",1340695,"104,350",50000,"1,703,714",5000,6,11,15,17,23,40,39
808,2018-05-26,6,3087620500,46,67122185,"1,962",1573711,"95,319",50000,"1,597,761",5000,15,21,31,32,41,43,24
807,2018-05-19,7,2437662322,59,48202363,"2,319",1226365,"108,300",50000,"1,749,855",5000,6,10,18,25,34,35,33
806,2018-05-12,7,2640760875,57,54050662,"1,850",1665345,"91,180",50000,"1,561,838",5000,14,20,23,31,37,38,27
805,2018-05-05,4,4266061969,53,53661157,"2,075",1370623,"105,602",50000,"1,700,112",5000,3,12,13,18,31,32,42
804,2018-04-28,11,1631996523,49,61061095,"2,048",1460935,"100,907",50000,"1,659,443",5000,1,10,13,26,32,36,9
803,2018-04-21,5,3663810225,50,61063504,"2,094",1458059,"102,413",50000,"1,657,869",5000,5,9,14,26,30,43,2
802,2018-04-14,16,1082947993,67,43102408,"2,207",1308501,"107,980",50000,"1,814,300",5000,10,11,12,18,24,42,27
801,2018-04-07,8,2256786657,51,59000959,"1,999",1505278,"97,006",50000,"1,618,941",5000,17,25,28,37,43,44,2
800,2018-03-31,11,1632246205,51,58675518,"2,179",1373315,"110,956",50000,"1,801,924",5000,1,4,10,12,28,45,26
799,2018-03-24,10,1826427225,56,54357954,"2,242",1357737,"107,519",50000,"1,725,236",5000,12,17,23,34,42,45,33
798,2018-03-17,7,2710791911,60,52709843,"2,124",1488979,"98,988",50000,"1,653,851",5000,2,10,14,22,32,36,41
797,2018-03-10,8,2397028125,34,94001103,"1,868",1710941,"97,900",50000,"1,641,334",5000,5,22,31,32,39,45,36
796,2018-03-03,7,2763490340,46,70088524,"1,921",1678331,"96,701",50000,"1,643,069",5000,1,21,26,36,40,41,5
795,2018-02-24,11,1714977000,62,50711686,"2,423",1297617,"111,043",50000,"1,825,105",5000,3,10,13,26,34,38,36
794,2018-02-17,7,2650940304,45,68728082,"2,607",1186331,"116,809",50000,"1,877,646",5000,6,7,18,19,30,38,13
793,2018-02-10,5,3750146775,61,51231514,"2,043",1529674,"98,216",50000,"1,635,392",5000,10,15,21,35,38,43,31
792,2018-02-03,7,2655736768,65,47667071,"1,958",1582411,"99,185",50000,"1,684,675",5000,2,7,19,25,29,36,16
791,2018-01-27,14,1253081893,38,76943625,"2,410",1213219,"102,931",50000,"1,713,102",5000,2,10,12,31,33,42,32
790,2018-01-20,16,1160516274,59,52452713,"2,417",1280394,"113,336",50000,"1,812,992",5000,3,8,19,27,30,41,12
789,2018-01-13,15,1140976825,70,40749173,"2,437",1170473,"118,089",50000,"1,868,863",5000,2,6,7,12,19,45,38
788,2018-01-06,13,1401475154,70,43378993,"2,257",1345384,"112,504",50000,"1,828,701",5000,2,10,11,19,35,39,29
787,2017-12-30,6,3092108313,51,60629575,"2,339",1321979,"114,842",50000,"1,863,599",5000,5,6,13,16,27,28,9
786,2017-12-23,4,4551365250,96,31606704,"2,064",1470080,"103,000",50000,"1,708,226",5000,12,15,16,20,24,30,38
785,2017-12-16,6,2886622688,55,52484049,"1,972",1463805,"100,062",50000,"1,678,240",5000,4,6,15,25,26,33,40
784,2017-12-09,9,1908678000,51,56137589,"2,257",1268506,"115,089",50000,"1,699,421",5000,3,10,23,24,31,39,22
783,2017-12-02,4,4603964625,36,85258605,"1,869",1642221,"90,899",50000,"1,532,640",5000,14,15,16,17,38,45,36
782,2017-11-25,9,1946487625,49,59586356,"2,047",1426347,"96,821",50000,"1,585,617",5000,6,18,31,34,38,45,20
781,2017-11-18,9,1882891542,52,54314180,"1,967",1435861,"102,959",50000,"1,699,786",5000,11,16,18,19,24,39,43
780,2017-11-11,11,1667520137,45,67936006,"1,681",1818632,"92,630",50000,"1,605,516",5000,15,17,19,21,27,45,16
779,2017-11-04,11,1527709296,66,42436370,"2,503",1118978,"114,464",50000,"1,751,447",5000,6,12,19,24,34,41,4
778,2017-10-28,3,6264069500,67,46746788,"1,731",1809379,"92,126",50000,"1,575,045",5000,6,21,35,36,37,41,11
777,2017-10-21,21,833468036,66,44199063,"2,413",1208926,"111,938",50000,"1,766,635",5000,6,12,17,21,34,37,18
776,2017-10-14,7,2557579393,50,59676853,"2,001",1491176,"102,081",50000,"1,687,650",5000,8,9,18,21,28,40,20
775,2017-10-07,5,3470437650,37,78163011,"1,719",1682392,"91,297",50000,"1,539,325",5000,11,12,29,33,38,42,17
774,2017-09-30,11,1709721512,60,52241491,"1,956",1602500,"101,524",50000,"1,704,279",5000,12,15,18,28,34,42,9
773,2017-09-23,11,1609403080,58,50871937,"2,094",1409061,"104,474",50000,"1,690,404",5000,8,12,19,21,31,35,44
772,2017-09-16,10,1769608838,53,55648077,"2,027",1455032,"103,023",50000,"1,688,350",5000,5,6,11,14,21,41,32
771,2017-09-09,4,4362644907,49,59355714,"2,054",1415984,"102,013",50000,"1,680,976",5000,6,10,17,18,21,29,30
770,2017-09-02,8,2163099329,75,38455100,"2,302",1252882,"108,450",50000,"1,717,526",5000,1,9,12,23,39,43,34
769,2017-08-26,9,1930760042,55,52657093,"1,962",1476117,"99,272",50000,"1,660,799",5000,5,7,11,16,41,45,4
768,2017-08-19,13,1363572260,53,55743521,"1,849",1597841,"93,126",50000,"1,572,387",5000,7,27,29,30,38,44,4
767,2017-08-12,15,1163768725,46,63248301,"1,905",1527256,"92,437",50000,"1,549,115",5000,5,15,20,31,34,42,22
766,2017-08-05,8,2173637297,41,70687392,"1,734",1671386,"85,422",50000,"1,458,764",5000,9,30,34,35,39,41,21
765,2017-07-29,15,1109214250,54,51352512,"2,121",1307419,"101,653",50000,"1,643,849",5000,1,3,8,12,42,43,33
764,2017-07-22,7,2459975465,44,65226623,"1,908",1504178,"90,896",50000,"1,530,979",5000,7,22,24,31,34,36,15
763,2017-07-15,8,2138130000,45,63352000,"2,019",1412006,"94,176",50000,"1,562,106",5000,3,8,16,32,34,43,10
762,2017-07-08,10,1631432063,53,51302896,"2,044",1330261,"103,406",50000,"1,671,344",5000,1,3,12,21,26,41,16
761,2017-07-01,7,2392730518,52,53683057,"2,139",1305058,"101,503",50000,"1,660,130",5000,4,7,11,24,42,45,30
760,2017-06-24,8,2253299391,45,66764427,"1,749",1717782,"89,221",50000,"1,520,831",5000,10,22,27,31,42,43,12
759,2017-06-17,6,3032670500,44,68924330,"1,761",1722130,"88,543",50000,"1,525,518",5000,9,33,36,40,42,43,32
758,2017-06-10,8,2078969954,63,43999365,"2,170",1277401,"106,121",50000,"1,680,080",5000,5,9,12,30,39,43,24
757,2017-06-03,21,739839858,68,38079993,"2,657",974573,"117,353",50000,"1,788,667",5000,6,7,11,17,33,44,1
756,2017-05-27,5,3414434700,53,53686081,"1,866",1524846,"94,800",50000,"1,598,715",5000,10,14,16,18,27,28,4
755,2017-05-20,8,2214427266,54,54677217,"1,845",1600309,"89,745",50000,"1,508,502",5000,13,14,26,28,30,36,37
754,2017-05-13,5,3427542000,50,57125700,"1,856",1538947,"93,279",50000,"1,573,739",5000,2,8,17,24,29,31,32
753,2017-05-06,6,2711105063,58,46743191,"1,934",1401813,"97,566",50000,"1,578,072",5000,2,17,19,24,37,41,3
752,2017-04-29,9,1870358834,75,37407177,"2,036",1377966,"102,477",50000,"1,646,451",5000,4,16,20,33,40,43,7
751,2017-04-22,8,2097968110,69,40540447,"2,210",1265743,"102,632",50000,"1,651,438",5000,3,4,16,20,28,44,17
750,2017-04-15,7,2522104286,44,66873978,"1,779",1653994,"93,135",50000,"1,585,532",5000,1,2,15,19,24,36,12
749,2017-04-08,13,1350104395,64,45706660,"1,985",1473666,"95,573",50000,"1,589,197",5000,12,14,24,26,34,45,41
748,2017-04-01,9,1928246542,59,49023218,"1,937",1493222,"99,448",50000,"1,652,756",5000,3,10,13,22,31,32,29
747,2017-03-25,9,1903214584,59,48386812,"2,217",1287696,"105,307",50000,"1,713,003",5000,7,9,12,14,23,28,17
746,2017-03-18,9,2038623709,58,52723027,"1,904",1606059,"94,197",50000,"1,589,291",5000,3,12,33,36,42,45,25
745,2017-03-11,20,746822982,110,22631000,"3,692",674272,"141,918",50000,"1,955,276",5000,1,2,3,9,12,23,10
744,2017-03-04,15,1155411575,61,47352934,"2,779",1039414,"109,229",50000,"1,636,793",5000,10,15,18,21,34,41,43
743,2017-02-25,7,2608641000,46,66161185,"1,982",1535527,"91,886",50000,"1,555,362",5000,15,19,21,34,41,44,10
742,2017-02-18,16,1111814813,44,67382716,"1,986",1492870,"98,348",50000,"1,658,556",5000,8,10,13,36,37,40,6
741,2017-02-11,6,3043595938,55,55338108,"1,829",1664077,"95,007",50000,"1,619,435",5000,5,21,27,34,44,45,16
740,2017-02-04,18,936929792,43,65367195,"2,447",1148668,"115,722",50000,"1,864,169",5000,4,8,9,16,17,19,31
739,2017-01-28,4,4744122282,45,70283294,"1,942",1628604,"101,983",50000,"1,719,739",5000,7,22,29,33,34,35,30
738,2017-01-21,11,1634191091,48,62417021,"1,640",1826840,"88,050",50000,"1,502,685",5000,23,27,28,38,42,43,36
737,2017-01-14,4,4283061000,48,59486959,"1,937",1474122,"94,183",50000,"1,567,166",5000,13,15,18,24,27,41,11
736,2017-01-07,5,3397362225,54,52428430,"2,250",1258283,"107,357",50000,"1,747,634",5000,2,11,17,18,21,27,6
735,2016-12-31,10,1847231588,50,61574387,"2,269",1356862,"107,013",50000,"1,752,740",5000,5,10,13,27,37,41,4
734,2016-12-24,9,1949395500,36,81224813,"1,758",1663307,"92,514",50000,"1,542,069",5000,6,16,37,38,41,45,18
733,2016-12-17,4,4016725125,57,46979242,"1,966",1362064,"101,369",50000,"1,633,952",5000,11,24,32,33,35,40,13
732,2016-12-10,7,2203270608,45,57121831,"2,061",1247202,"104,583",50000,"1,705,993",5000,2,4,5,17,27,32,43
731,2016-12-03,7,2340471054,45,60678880,"1,908",1431106,"96,083",50000,"1,594,258",5000,2,7,13,25,42,45,39
730,2016-11-26,8,2017382110,45,59774285,"1,741",1544999,"88,791",50000,"1,501,752",5000,4,10,14,15,18,22,39
729,2016-11-19,4,4198250719,35,79966681,"1,875",1492712,"89,560",50000,"1,504,682",5000,11,17,21,26,36,45,16
728,2016-11-12,5,3243464400,56,48265840,"1,869",1446168,"94,693",50000,"1,559,062",5000,3,6,10,30,34,37,36
727,2016-11-05,14,1115107742,87,29907105,"2,064",1260620,"99,271",50000,"1,600,135",5000,7,8,10,19,21,31,20
726,2016-10-29,14,1166872634,56,48619694,"2,099",1297143,"96,718",50000,"1,556,425",5000,1,11,21,23,34,44,24
725,2016-10-22,11,1579217250,47,61600673,"1,795",1612943,"88,359",50000,"1,504,907",5000,6,7,19,21,41,43,38
724,2016-10-15,12,1427789813,55,51919630,"1,833",1557873,"90,083",50000,"1,528,970",5000,2,8,33,35,37,41,14
723,2016-10-08,8,2114365360,40,70478846,"1,777",1586469,"85,141",50000,"1,412,967",5000,20,30,33,35,36,44,22
722,2016-10-01,4,4365422719,46,63266996,"1,688",1724101,"84,912",50000,"1,439,078",5000,12,14,21,30,39,43,45
721,2016-09-24,8,2273767360,40,75792246,"1,607",1886553,"84,770",50000,"1,464,353",5000,1,28,35,41,43,44,31
720,2016-09-17,14,1233770358,37,77805338,"1,778",1619122,"88,260",50000,"1,505,233",5000,1,12,29,34,36,37,41
719,2016-09-10,9,1879581334,58,48609863,"2,020",1395729,"99,906",50000,"1,627,784",5000,4,8,13,19,20,43,26
718,2016-09-03,17,926166464,64,41002162,"2,404",1091572,"114,614",50000,"1,595,315",5000,4,11,20,23,32,39,40
717,2016-08-27,6,2702433688,47,57498590,"1,974",1369015,"96,836",50000,"1,567,530",5000,2,11,19,25,28,32,44
716,2016-08-20,12,1358752157,35,77642981,"1,743",1559096,"88,628",50000,"1,469,730",5000,2,6,13,16,29,30,21
715,2016-08-13,6,2605510438,61,42713286,"1,873",1391090,"90,747",50000,"1,503,174",5000,2,7,27,33,41,44,10
714,2016-08-06,7,2085131733,46,52883776,"2,029",1198943,"96,576",50000,"1,551,993",5000,1,7,22,33,37,40,20
713,2016-07-30,9,1714720917,50,51441628,"1,791",1436115,"87,920",50000,"1,470,125",5000,2,5,15,18,19,23,44
712,2016-07-23,4,4034485125,47,57226740,"1,727",1557416,"86,066",50000,"1,449,521",5000,17,20,30,31,33,45,19
711,2016-07-16,7,2277413358,44,60385961,"1,865",1424656,"89,898",50000,"1,465,123",5000,11,15,24,35,37,45,42
710,2016-07-09,5,2895441150,57,42331011,"1,990",1212497,"102,058",50000,"1,627,229",5000,3,4,9,24,25,33,10
709,2016-07-02,14,1165271625,44,61794708,"1,696",1603165,"82,305",50000,"1,385,853",5000,10,18,30,36,39,44,32
708,2016-06-25,4,4099552219,52,52558362,"1,712",1596399,"86,091",50000,"1,446,865",5000,2,10,16,19,34,45,1
707,2016-06-18,12,1322167313,74,35734252,"2,006",1318213,"94,281",50000,"1,507,647",5000,2,12,19,24,39,44,35
706,2016-06-11,4,3831746063,51,50088184,"2,108",1211811,"95,376",50000,"1,531,393",5000,3,4,6,10,28,30,37
705,2016-06-04,4,3987206532,49,54247708,"1,805",1472653,"87,931",50000,"1,453,654",5000,1,6,17,22,28,45,23
704,2016-05-28,4,3865190344,47,54825395,"1,906",1351938,"95,021",50000,"1,519,932",5000,1,4,8,23,33,42,45
703,2016-05-21,5,3235784100,51,52872290,"1,719",1568637,"84,194",50000,"1,416,580",5000,10,28,31,33,41,44,21
702,2016-05-14,11,1465091387,46,58391324,"1,819",1476636,"88,043",50000,"1,443,954",5000,3,13,16,24,26,29,9
701,2016-05-07,10,1583183175,40,65965966,"1,659",1590500,"81,917",50000,"1,404,422",5000,3,10,14,16,36,38,35
700,2016-04-30,8,2082099188,41,67710543,"1,562",1777294,"82,874",50000,"1,414,076",5000,11,23,28,29,30,44,13
699,2016-04-23,8,1995411375,50,53210970,"1,799",1478905,"90,504",50000,"1,512,397",5000,4,5,8,16,21,29,3
698,2016-04-16,8,1921084125,48,53363448,"2,088",1226746,"97,965",50000,"1,550,364",5000,3,11,13,21,33,37,18
697,2016-04-09,10,1531443038,90,28360057,"1,940",1315673,"99,698",50000,"1,615,786",5000,2,5,8,11,33,39,31
696,2016-04-02,10,1632054413,44,61820243,"1,721",1580530,"90,020",50000,"1,501,952",5000,1,7,16,18,34,38,21
695,2016-03-26,11,1450214830,66,40283746,"1,979",1343471,"95,436",50000,"1,558,885",5000,4,18,26,33,34,38,14
694,2016-03-19,10,1555036388,78,33227274,"2,286",1133739,"102,474",50000,"1,581,822",5000,7,15,20,25,33,43,12
693,2016-03-12,10,1642763813,43,63673016,"1,692",1618168,"87,017",50000,"1,484,420",5000,1,6,11,28,34,42,30
692,2016-03-05,7,2301273697,44,61018621,"1,770",1516848,"87,763",50000,"1,465,709",5000,3,11,14,15,32,36,44
691,2016-02-27,6,2839296750,31,91590218,"1,708",1662352,"86,063",50000,"1,455,528",5000,15,27,33,35,43,45,16
690,2016-02-20,15,1126507625,34,82831444,"1,772",1589317,"87,970",50000,"1,528,472",5000,24,25,33,34,38,39,43
689,2016-02-13,7,2321775911,44,61562241,"1,809",1497368,"90,296",50000,"1,509,073",5000,7,17,19,30,36,38,34
688,2016-02-06,9,1967536750,53,55685003,"2,107",1400715,"97,676",50000,"1,610,713",5000,5,15,22,23,34,35,2
687,2016-01-30,6,2720029313,38,71579719,"1,780",1528107,"91,404",50000,"1,538,380",5000,1,8,10,13,28,42,45
686,2016-01-23,8,1937531719,36,71760435,"1,863",1386676,"91,027",50000,"1,483,730",5000,7,12,15,24,25,43,13
685,2016-01-16,11,1494367671,52,52686040,"1,910",1434385,"95,302",50000,"1,576,169",5000,6,7,12,28,38,40,18
684,2016-01-09,9,1688815709,62,40858445,"1,968",1287208,"98,607",50000,"1,623,161",5000,1,11,15,17,25,39,40
683,2016-01-02,16,1010930883,45,59907016,"2,704",996974,"117,974",50000,"1,700,964",5000,6,13,20,27,28,40,15
682,2015-12-26,4,4063713563,56,48377543,"1,851",1463611,"87,618",50000,"1,464,978",5000,17,23,27,35,38,43,2
681,2015-12-19,6,2696328938,37,72873756,"1,441",1871152,"73,062",50000,"1,282,079",5000,21,24,27,29,43,44,7
680,2015-12-12,14,1110570563,44,58893894,"1,870",1385739,"86,441",50000,"1,413,980",5000,4,10,19,29,32,42,30
679,2015-12-05,5,2863005600,54,44182186,"1,829",1304450,"91,171",50000,"1,493,041",5000,3,5,7,14,26,34,35
678,2015-11-28,6,2288490188,41,55816834,"1,855",1233688,"93,305",50000,"1,494,095",5000,4,5,6,12,25,37,45
677,2015-11-21,8,1921114407,37,69229348,"1,701",1505871,"79,827",50000,"1,330,115",5000,12,15,24,36,41,44,42
676,2015-11-14,8,1879726500,63,39782572,"1,665",1505287,"83,276",50000,"1,371,921",5000,1,8,17,34,39,45,27
675,2015-11-07,4,3514549032,65,36046657,"1,806",1297361,"88,118",50000,"1,415,830",5000,1,8,11,15,18,45,7
674,2015-10-31,8,1770565500,48,49182375,"1,846",1278849,"89,646",50000,"1,465,031",5000,9,10,14,25,27,31,11
673,2015-10-24,10,1491453300,35,71021586,"1,864",1333560,"88,838",50000,"1,450,769",5000,7,10,17,29,33,44,5
672,2015-10-17,9,1754745000,46,57219946,"1,629",1615788,"80,167",50000,"1,341,175",5000,8,21,28,31,36,45,43
671,2015-10-10,4,3722322844,48,51698929,"1,778",1395697,"90,364",50000,"1,519,963",5000,7,9,10,13,31,35,24
670,2015-10-03,12,1191725219,39,61114114,"2,145",1111166,"92,680",50000,"1,483,948",5000,11,18,26,27,40,41,25
669,2015-09-26,6,2708173188,52,52080254,"1,949",1389520,"93,078",50000,"1,531,364",5000,7,8,20,29,33,38,9
668,2015-09-19,5,2991158625,56,44511290,"1,873",1330824,"89,414",50000,"1,452,289",5000,12,14,15,24,27,32,3
667,2015-09-12,7,2228764393,40,65005629,"1,543",1685176,"81,344",50000,"1,368,363",5000,15,17,25,37,42,43,13
666,2015-09-05,6,2396901063,47,50997895,"1,947",1231074,"93,631",50000,"1,493,940",5000,2,4,6,11,17,28,16
665,2015-08-29,4,3643230375,30,80960675,"1,790",1356883,"87,227",50000,"1,430,205",5000,5,6,11,17,38,44,13
664,2015-08-22,10,1536801338,44,58212172,"1,530",1674076,"77,395",50000,"1,320,082",5000,10,20,33,36,41,44,5
663,2015-08-15,7,2080244143,60,40449192,"1,627",1491673,"84,092",50000,"1,386,028",5000,3,5,8,19,38,42,20
662,2015-08-08,8,1689733688,43,52394844,"1,787",1260761,"88,493",50000,"1,426,759",5000,5,6,9,11,15,37,26
661,2015-08-01,8,1713025547,63,36254509,"1,830",1248107,"87,840",50000,"1,426,883",5000,2,3,12,20,27,38,40
660,2015-07-25,10,1421272575,48,49349743,"1,951",1214141,"88,247",50000,"1,408,802",5000,4,9,23,33,39,44,14
659,2015-07-18,11,1336604216,40,61261027,"1,765",1388352,"85,028",50000,"1,396,789",5000,7,18,19,27,29,42,45
658,2015-07-11,9,1634031375,38,64501239,"1,678",1460696,"82,738",50000,"1,364,069",5000,8,19,25,28,32,36,37
657,2015-07-04,9,1694762792,52,48887389,"1,562",1627494,"78,396",50000,"1,325,593",5000,10,14,19,39,40,43,23
656,2015-06-27,2,7330002750,48,50902797,"1,747",1398589,"83,772",50000,"1,385,757",5000,3,7,14,16,31,40,39
655,2015-06-20,9,1661439625,41,60784377,"1,610",1547926,"77,437",50000,"1,281,655",5000,7,37,38,39,40,44,18
654,2015-06-13,8,1879301391,69,36315003,"1,787",1402203,"77,788",50000,"1,282,725",5000,16,21,26,31,36,43,6
653,2015-06-06,14,980958670,56,40873278,"1,997",1146172,"88,995",50000,"1,419,408",5000,5,6,26,27,38,39,1
652,2015-05-30,5,3003483525,36,69525082,"1,504",1664165,"75,739",50000,"1,280,663",5000,3,13,15,40,41,44,20
651,2015-05-23,8,1855306454,35,70678342,"1,684",1468968,"82,567",50000,"1,365,832",5000,11,12,16,26,29,44,18
650,2015-05-16,5,2849298900,45,52764795,"1,814",1308940,"87,030",50000,"1,429,743",5000,3,4,7,11,31,41,35
649,2015-05-09,5,2948042100,45,54593373,"1,689",1454531,"80,347",50000,"1,313,125",5000,3,21,22,33,41,42,20
648,2015-05-02,7,2120987947,45,54988577,"1,631",1517159,"80,986",50000,"1,318,403",5000,13,19,28,37,38,43,4
647,2015-04-25,7,2189725608,44,58060907,"1,596",1600677,"79,202",50000,"1,351,926",5000,5,16,21,23,24,30,29
646,2015-04-18,7,2215498393,36,71798560,"1,522",1698258,"77,400",50000,"1,321,212",5000,2,9,24,41,43,45,30
645,2015-04-11,4,3696297750,28,88007090,"1,766",1395356,"87,873",50000,"1,444,728",5000,1,4,16,26,40,41,31
644,2015-04-04,8,1831451204,49,49835407,"1,879",1299593,"87,582",50000,"1,401,744",5000,5,13,17,23,28,36,8
643,2015-03-28,6,2535763625,43,58971248,"1,525",1662796,"84,656",50000,"1,407,225",5000,15,24,31,32,33,40,13
642,2015-03-21,12,1251460438,62,40369692,"1,815",1379020,"88,406",50000,"1,465,689",5000,8,17,18,24,39,45,32
641,2015-03-14,8,1990074563,50,53068655,"1,565",1695485,"79,145",50000,"1,340,371",5000,11,18,21,36,37,43,12
640,2015-03-07,9,1728768834,48,54024027,"1,639",1582156,"85,410",50000,"1,404,905",5000,14,15,18,21,26,35,23
639,2015-02-28,4,4061185219,45,60165707,"1,628",1663058,"84,861",50000,"1,439,719",5000,6,15,22,23,25,32,40
638,2015-02-21,7,2229403179,41,63438302,"1,719",1513072,"84,781",50000,"1,422,596",5000,7,18,22,24,31,34,6
637,2015-02-14,4,3899241094,45,57766535,"1,637",1587963,"82,147",50000,"1,369,826",5000,3,16,22,37,38,44,23
636,2015-02-07,8,1832362219,44,55526128,"1,973",1238292,"90,830",50000,"1,461,300",5000,6,7,15,16,20,31,26
635,2015-01-31,8,1855587235,35,70689038,"1,650",1499465,"85,675",50000,"1,427,626",5000,11,13,25,26,29,33,32
634,2015-01-24,13,1077935106,54,43250483,"2,208",1057757,"101,514",50000,"1,562,975",5000,4,10,11,12,20,27,38
633,2015-01-17,12,1217257094,47,51798175,"1,789",1360825,"87,613",50000,"1,430,227",5000,9,12,19,20,39,41,13
632,2015-01-10,11,1432587716,52,50507901,"1,645",1596603,"78,418",50000,"1,320,223",5000,15,18,21,32,35,44,6
631,2015-01-03,4,3919853532,46,56809472,"1,676",1559210,"85,710",50000,"1,491,785",5000,1,2,4,23,31,34,8
630,2014-12-27,3,4836305500,48,50378183,"1,631",1482620,"84,380",50000,"1,420,745",5000,8,17,21,24,27,31,15
629,2014-12-20,5,2919433575,34,71554745,"1,321",1841682,"68,554",50000,"1,183,752",5000,19,28,31,38,43,44,1
628,2014-12-13,9,1499942875,37,60808495,"1,628",1382012,"80,147",50000,"1,323,978",5000,1,7,12,15,23,42,11
627,2014-12-06,10,1352230650,35,64391936,"1,532",1471096,"74,824",50000,"1,243,945",5000,2,9,22,25,31,45,12
626,2014-11-29,8,1717871110,45,50899885,"1,766",1296996,"86,261",50000,"1,371,217",5000,13,14,26,33,40,43,15
625,2014-11-22,5,2765184675,45,51207124,"1,654",1393181,"82,014",50000,"1,354,445",5000,3,6,7,20,21,39,13
624,2014-11-15,5,2763729450,61,37755867,"1,574",1463220,"78,840",50000,"1,309,900",5000,1,7,19,26,27,35,16
623,2014-11-08,8,1813702594,35,69093433,"1,456",1660900,"73,522",50000,"1,245,962",5000,7,13,30,39,41,45,25
622,2014-11-01,9,1630598292,34,71938160,"1,629",1501472,"77,626",50000,"1,270,437",5000,9,15,16,21,28,34,24
621,2014-10-25,6,2359723500,62,38060057,"1,555",1517508,"82,843",50000,"1,336,734",5000,1,2,6,16,19,42,9
620,2014-10-18,7,2028283233,44,53780238,"1,661",1424643,"78,155",50000,"1,266,599",5000,2,16,17,32,39,45,40
619,2014-10-11,3,4612479375,59,39088809,"1,712",1347103,"83,710",50000,"1,355,209",5000,6,8,13,30,35,40,21
618,2014-10-04,5,2881326225,45,53357894,"1,581",1518726,"75,243",50000,"1,260,882",5000,8,16,25,30,42,43,15
617,2014-09-27,8,1629701860,43,50533391,"1,993",1090284,"93,731",50000,"1,481,805",5000,4,5,11,12,24,27,28
616,2014-09-20,9,1611811250,49,49341161,"1,700",1422187,"81,118",50000,"1,350,809",5000,5,13,18,23,40,45,3
615,2014-09-13,9,1535062417,31,74277214,"1,670",1378799,"83,981",50000,"1,383,278",5000,10,17,18,19,23,27,35
614,2014-09-06,6,2540975438,46,55238597,"1,523",1668402,"80,393",50000,"1,360,707",5000,8,21,25,39,40,44,18
613,2014-08-30,9,1549831209,30,77491561,"1,538",1511539,"77,945",50000,"1,299,580",5000,7,8,11,16,41,44,35
612,2014-08-23,11,1181705250,59,36719655,"1,833",1181921,"86,228",50000,"1,364,516",5000,6,9,18,19,25,33,40
611,2014-08-16,4,3502706157,47,49683776,"1,486",1571425,"74,589",50000,"1,258,998",5000,2,22,27,33,36,37,14
610,2014-08-09,4,3516018375,34,68941537,"1,398",1676690,"71,718",50000,"1,218,676",5000,14,18,20,23,28,36,33
609,2014-08-02,2,6339311438,47,44959656,"1,621",1303581,"80,472",50000,"1,300,134",5000,4,8,27,34,39,40,13
608,2014-07-26,7,1943530018,32,70857866,"1,516",1495681,"74,353",50000,"1,243,159",5000,4,8,18,19,39,44,41
607,2014-07-19,4,3494480907,35,66561542,"1,448",1608878,"73,277",50000,"1,220,405",5000,8,14,23,36,38,39,13
606,2014-07-12,10,1311566850,44,49680563,"1,542",1417604,"82,879",50000,"1,366,588",5000,1,5,6,14,20,39,22
605,2014-07-05,9,1394232250,40,52283710,"2,286",914851,"92,980",50000,"1,386,335",5000,1,2,7,9,10,38,42
604,2014-06-28,11,1229141557,36,62595172,"1,451",1553016,"75,476",50000,"1,266,398",5000,2,6,18,21,33,34,30
603,2014-06-21,4,3452136563,30,76714146,"1,363",1688500,"71,799",50000,"1,227,396",5000,2,19,25,26,27,43,28
602,2014-06-14,8,1689530860,42,53635901,"1,675",1344901,"77,026",50000,"1,251,693",5000,13,14,22,27,30,38,2
601,2014-06-07,9,1524565209,28,81673137,"1,516",1508475,"72,233",50000,"1,205,559",5000,2,16,19,31,34,35,37
